LGA_CODE,LGA_NAME,2011,2012,2013,2014,2015,2016
10050,Albury (C),Albury (C),Albury (C),Albury (C),Albury (C),Albury (C),Albury (C)
10110,Armidale Dumaresq (A),Armidale Dumaresq (A),Armidale Dumaresq (A),Armidale Dumaresq (A),Armidale Dumaresq (A),Armidale Dumaresq (A),#N/A
10130,#N/A,#N/A,#N/A,#N/A,#N/A,#N/A,Armidale Regional (A)
10150,Ashfield (A),Ashfield (A),Ashfield (A),Ashfield (A),Ashfield (A),Ashfield (A),#N/A
10200,Auburn (C),Auburn (C),Auburn (C),Auburn (C),Auburn (C),Auburn (C),#N/A
10250,Ballina (A),Ballina (A),Ballina (A),Ballina (A),Ballina (A),Ballina (A),Ballina (A)
10300,Balranald (A),Balranald (A),Balranald (A),Balranald (A),Balranald (A),Balranald (A),Balranald (A)
10350,Bankstown (C),Bankstown (C),Bankstown (C),Bankstown (C),Bankstown (C),Bankstown (C),#N/A
10470,Bathurst Regional (A),Bathurst Regional (A),Bathurst Regional (A),Bathurst Regional (A),Bathurst Regional (A),Bathurst Regional (A),Bathurst Regional (A)
10550,Bega Valley (A),Bega Valley (A),Bega Valley (A),Bega Valley (A),Bega Valley (A),Bega Valley (A),Bega Valley (A)
10600,Bellingen (A),Bellingen (A),Bellingen (A),Bellingen (A),Bellingen (A),Bellingen (A),Bellingen (A)
10650,Berrigan (A),Berrigan (A),Berrigan (A),Berrigan (A),Berrigan (A),Berrigan (A),Berrigan (A)
10750,Blacktown (C),Blacktown (C),Blacktown (C),Blacktown (C),Blacktown (C),Blacktown (C),Blacktown (C)
10800,Bland (A),Bland (A),Bland (A),Bland (A),Bland (A),Bland (A),Bland (A)
10850,Blayney (A),Blayney (A),Blayney (A),Blayney (A),Blayney (A),Blayney (A),Blayney (A)
10900,Blue Mountains (C),Blue Mountains (C),Blue Mountains (C),Blue Mountains (C),Blue Mountains (C),Blue Mountains (C),Blue Mountains (C)
10950,Bogan (A),Bogan (A),Bogan (A),Bogan (A),Bogan (A),Bogan (A),Bogan (A)
11000,Bombala (A),Bombala (A),Bombala (A),Bombala (A),Bombala (A),Bombala (A),#N/A
11050,Boorowa (A),Boorowa (A),Boorowa (A),Boorowa (A),Boorowa (A),Boorowa (A),#N/A
11100,Botany Bay (C),Botany Bay (C),Botany Bay (C),Botany Bay (C),Botany Bay (C),Botany Bay (C),Botany Bay (C)
11150,Bourke (A),Bourke (A),Bourke (A),Bourke (A),Bourke (A),Bourke (A),Bourke (A)
11200,Brewarrina (A),Brewarrina (A),Brewarrina (A),Brewarrina (A),Brewarrina (A),Brewarrina (A),Brewarrina (A)
11250,Broken Hill (C),Broken Hill (C),Broken Hill (C),Broken Hill (C),Broken Hill (C),Broken Hill (C),Broken Hill (C)
11300,Burwood (A),Burwood (A),Burwood (A),Burwood (A),Burwood (A),Burwood (A),Burwood (A)
11350,Byron (A),Byron (A),Byron (A),Byron (A),Byron (A),Byron (A),Byron (A)
11400,Cabonne (A),Cabonne (A),Cabonne (A),Cabonne (A),Cabonne (A),Cabonne (A),Cabonne (A)
11450,Camden (A),Camden (A),Camden (A),Camden (A),Camden (A),Camden (A),Camden (A)
11500,Campbelltown (C),Campbelltown (C),Campbelltown (C),Campbelltown (C),Campbelltown (C),Campbelltown (C),Campbelltown (C) (NSW)
11520,Canada Bay (A),Canada Bay (A),Canada Bay (A),Canada Bay (A),Canada Bay (A),Canada Bay (A),Canada Bay (A)
11550,Canterbury (C),Canterbury (C),Canterbury (C),Canterbury (C),Canterbury (C),Canterbury (C),#N/A
11570,#N/A,#N/A,#N/A,#N/A,#N/A,#N/A,Canterbury-Bankstown (A)
11600,Carrathool (A),Carrathool (A),Carrathool (A),Carrathool (A),Carrathool (A),Carrathool (A),Carrathool (A)
11650,#N/A,#N/A,#N/A,#N/A,#N/A,#N/A,Central Coast (C) (NSW)
11700,Central Darling (A),Central Darling (A),Central Darling (A),Central Darling (A),Central Darling (A),Central Darling (A),Central Darling (A)
11720,Cessnock (C),Cessnock (C),Cessnock (C),Cessnock (C),Cessnock (C),Cessnock (C),Cessnock (C)
11730,Clarence Valley (A),Clarence Valley (A),Clarence Valley (A),Clarence Valley (A),Clarence Valley (A),Clarence Valley (A),Clarence Valley (A)
11750,Cobar (A),Cobar (A),Cobar (A),Cobar (A),Cobar (A),Cobar (A),Cobar (A)
11800,Coffs Harbour (C),Coffs Harbour (C),Coffs Harbour (C),Coffs Harbour (C),Coffs Harbour (C),Coffs Harbour (C),Coffs Harbour (C)
11860,Conargo (A),Conargo (A),Conargo (A),Conargo (A),Conargo (A),Conargo (A),#N/A
12000,Coolamon (A),Coolamon (A),Coolamon (A),Coolamon (A),Coolamon (A),Coolamon (A),Coolamon (A)
12050,Cooma-Monaro (A),Cooma-Monaro (A),Cooma-Monaro (A),Cooma-Monaro (A),Cooma-Monaro (A),Cooma-Monaro (A),#N/A
12150,Coonamble (A),Coonamble (A),Coonamble (A),Coonamble (A),Coonamble (A),Coonamble (A),Coonamble (A)
12200,Cootamundra (A),Cootamundra (A),Cootamundra (A),Cootamundra (A),Cootamundra (A),Cootamundra (A),#N/A
12300,Corowa Shire (A),Corowa Shire (A),Corowa Shire (A),Corowa Shire (A),Corowa Shire (A),Corowa Shire (A),#N/A
12350,Cowra (A),Cowra (A),Cowra (A),Cowra (A),Cowra (A),Cowra (A),Cowra (A)
12380,#N/A,#N/A,#N/A,#N/A,#N/A,#N/A,Cumberland (A)
12500,Deniliquin (A),Deniliquin (A),Deniliquin (A),Deniliquin (A),Deniliquin (A),Deniliquin (A),#N/A
12600,Dubbo (C),Dubbo (C),Dubbo (C),Dubbo (C),Dubbo (C),Dubbo (C),#N/A
12700,Dungog (A),Dungog (A),Dungog (A),Dungog (A),Dungog (A),Dungog (A),Dungog (A)
12730,#N/A,#N/A,#N/A,#N/A,#N/A,#N/A,Edward River (A)
12750,Eurobodalla (A),Eurobodalla (A),Eurobodalla (A),Eurobodalla (A),Eurobodalla (A),Eurobodalla (A),Eurobodalla (A)
12850,Fairfield (C),Fairfield (C),Fairfield (C),Fairfield (C),Fairfield (C),Fairfield (C),Fairfield (C)
12870,#N/A,#N/A,#N/A,#N/A,#N/A,#N/A,Federation (A)
12900,Forbes (A),Forbes (A),Forbes (A),Forbes (A),Forbes (A),Forbes (A),Forbes (A)
12930,#N/A,#N/A,#N/A,#N/A,#N/A,#N/A,Georges River (A)
12950,Gilgandra (A),Gilgandra (A),Gilgandra (A),Gilgandra (A),Gilgandra (A),Gilgandra (A),Gilgandra (A)
13010,Glen Innes Severn (A),Glen Innes Severn (A),Glen Innes Severn (A),Glen Innes Severn (A),Glen Innes Severn (A),Glen Innes Severn (A),Glen Innes Severn (A)
13050,Gloucester (A),Gloucester (A),Gloucester (A),Gloucester (A),Gloucester (A),Gloucester (A),#N/A
13100,Gosford (C),Gosford (C),Gosford (C),Gosford (C),Gosford (C),Gosford (C),#N/A
13310,Goulburn Mulwaree (A),Goulburn Mulwaree (A),Goulburn Mulwaree (A),Goulburn Mulwaree (A),Goulburn Mulwaree (A),Goulburn Mulwaree (A),Goulburn Mulwaree (A)
13320,Great Lakes (A),Great Lakes (A),Great Lakes (A),Great Lakes (A),Great Lakes (A),Great Lakes (A),#N/A
13340,Greater Hume Shire (A),Greater Hume Shire (A),Greater Hume Shire (A),Greater Hume Shire (A),Greater Hume Shire (A),Greater Hume Shire (A),Greater Hume Shire (A)
13380,Greater Taree (C),Greater Taree (C),Greater Taree (C),Greater Taree (C),Greater Taree (C),Greater Taree (C),#N/A
13450,Griffith (C),Griffith (C),Griffith (C),Griffith (C),Griffith (C),Griffith (C),Griffith (C)
13500,Gundagai (A),Gundagai (A),Gundagai (A),Gundagai (A),Gundagai (A),Gundagai (A),#N/A
13510,#N/A,#N/A,#N/A,#N/A,#N/A,#N/A,Gundagai (A)
13550,Gunnedah (A),Gunnedah (A),Gunnedah (A),Gunnedah (A),Gunnedah (A),Gunnedah (A),Gunnedah (A)
13650,Guyra (A),Guyra (A),Guyra (A),Guyra (A),Guyra (A),Guyra (A),#N/A
13660,Gwydir (A),Gwydir (A),Gwydir (A),Gwydir (A),Gwydir (A),Gwydir (A),Gwydir (A)
13700,Harden (A),Harden (A),Harden (A),Harden (A),Harden (A),Harden (A),#N/A
13800,Hawkesbury (C),Hawkesbury (C),Hawkesbury (C),Hawkesbury (C),Hawkesbury (C),Hawkesbury (C),Hawkesbury (C)
13850,Hay (A),Hay (A),Hay (A),Hay (A),Hay (A),Hay (A),Hay (A)
13910,#N/A,#N/A,#N/A,#N/A,#N/A,#N/A,Hilltops (A)
13950,Holroyd (C),Holroyd (C),Holroyd (C),Holroyd (C),Holroyd (C),Holroyd (C),#N/A
14000,Hornsby (A),Hornsby (A),Hornsby (A),Hornsby (A),Hornsby (A),Hornsby (A),Hornsby (A)
14100,Hunters Hill (A),Hunters Hill (A),Hunters Hill (A),Hunters Hill (A),Hunters Hill (A),Hunters Hill (A),Hunters Hill (A)
14150,Hurstville (C),Hurstville (C),Hurstville (C),Hurstville (C),Hurstville (C),Hurstville (C),#N/A
14170,#N/A,#N/A,#N/A,#N/A,#N/A,#N/A,Inner West (A)
14200,Inverell (A),Inverell (A),Inverell (A),Inverell (A),Inverell (A),Inverell (A),Inverell (A)
14250,Jerilderie (A),Jerilderie (A),Jerilderie (A),Jerilderie (A),Jerilderie (A),Jerilderie (A),#N/A
14300,Junee (A),Junee (A),Junee (A),Junee (A),Junee (A),Junee (A),Junee (A)
14350,Kempsey (A),Kempsey (A),Kempsey (A),Kempsey (A),Kempsey (A),Kempsey (A),Kempsey (A)
14400,Kiama (A),Kiama (A),Kiama (A),Kiama (A),Kiama (A),Kiama (A),Kiama (A)
14450,Kogarah (C),Kogarah (C),Kogarah (C),Kogarah (C),Kogarah (C),Kogarah (C),#N/A
14500,Ku-ring-gai (A),Ku-ring-gai (A),Ku-ring-gai (A),Ku-ring-gai (A),Ku-ring-gai (A),Ku-ring-gai (A),Ku-ring-gai (A)
14550,Kyogle (A),Kyogle (A),Kyogle (A),Kyogle (A),Kyogle (A),Kyogle (A),Kyogle (A)
14600,Lachlan (A),Lachlan (A),Lachlan (A),Lachlan (A),Lachlan (A),Lachlan (A),Lachlan (A)
14650,Lake Macquarie (C),Lake Macquarie (C),Lake Macquarie (C),Lake Macquarie (C),Lake Macquarie (C),Lake Macquarie (C),Lake Macquarie (C)
14700,Lane Cove (A),Lane Cove (A),Lane Cove (A),Lane Cove (A),Lane Cove (A),Lane Cove (A),Lane Cove (A)
14750,Leeton (A),Leeton (A),Leeton (A),Leeton (A),Leeton (A),Leeton (A),Leeton (A)
14800,Leichhardt (A),Leichhardt (A),Leichhardt (A),Leichhardt (A),Leichhardt (A),Leichhardt (A),#N/A
14850,Lismore (C),Lismore (C),Lismore (C),Lismore (C),Lismore (C),Lismore (C),Lismore (C)
14870,Lithgow (C),Lithgow (C),Lithgow (C),Lithgow (C),Lithgow (C),Lithgow (C),Lithgow (C)
14900,Liverpool (C),Liverpool (C),Liverpool (C),Liverpool (C),Liverpool (C),Liverpool (C),Liverpool (C)
14920,Liverpool Plains (A),Liverpool Plains (A),Liverpool Plains (A),Liverpool Plains (A),Liverpool Plains (A),Liverpool Plains (A),Liverpool Plains (A)
14950,Lockhart (A),Lockhart (A),Lockhart (A),Lockhart (A),Lockhart (A),Lockhart (A),Lockhart (A)
15050,Maitland (C),Maitland (C),Maitland (C),Maitland (C),Maitland (C),Maitland (C),Maitland (C)
15150,Manly (A),Manly (A),Manly (A),Manly (A),Manly (A),Manly (A),#N/A
15200,Marrickville (A),Marrickville (A),Marrickville (A),Marrickville (A),Marrickville (A),Marrickville (A),#N/A
15240,#N/A,#N/A,#N/A,#N/A,#N/A,#N/A,Mid-Coast (A)
15270,Mid-Western Regional (A),Mid-Western Regional (A),Mid-Western Regional (A),Mid-Western Regional (A),Mid-Western Regional (A),Mid-Western Regional (A),Mid-Western Regional (A)
15300,Moree Plains (A),Moree Plains (A),Moree Plains (A),Moree Plains (A),Moree Plains (A),Moree Plains (A),Moree Plains (A)
15350,Mosman (A),Mosman (A),Mosman (A),Mosman (A),Mosman (A),Mosman (A),Mosman (A)
15500,Murray (A),Murray (A),Murray (A),Murray (A),Murray (A),Murray (A),#N/A
15520,#N/A,#N/A,#N/A,#N/A,#N/A,#N/A,Murray River (A)
15550,Murrumbidgee (A),Murrumbidgee (A),Murrumbidgee (A),Murrumbidgee (A),Murrumbidgee (A),Murrumbidgee (A),#N/A
15560,#N/A,#N/A,#N/A,#N/A,#N/A,#N/A,Murrumbidgee (A)
15650,Muswellbrook (A),Muswellbrook (A),Muswellbrook (A),Muswellbrook (A),Muswellbrook (A),Muswellbrook (A),Muswellbrook (A)
15700,Nambucca (A),Nambucca (A),Nambucca (A),Nambucca (A),Nambucca (A),Nambucca (A),Nambucca (A)
15750,Narrabri (A),Narrabri (A),Narrabri (A),Narrabri (A),Narrabri (A),Narrabri (A),Narrabri (A)
15800,Narrandera (A),Narrandera (A),Narrandera (A),Narrandera (A),Narrandera (A),Narrandera (A),Narrandera (A)
15850,Narromine (A),Narromine (A),Narromine (A),Narromine (A),Narromine (A),Narromine (A),Narromine (A)
15900,Newcastle (C),Newcastle (C),Newcastle (C),Newcastle (C),Newcastle (C),Newcastle (C),Newcastle (C)
15950,North Sydney (A),North Sydney (A),North Sydney (A),North Sydney (A),North Sydney (A),North Sydney (A),North Sydney (A)
15990,#N/A,#N/A,#N/A,#N/A,#N/A,#N/A,Northern Beaches (A)
16100,Oberon (A),Oberon (A),Oberon (A),Oberon (A),Oberon (A),Oberon (A),Oberon (A)
16150,Orange (C),Orange (C),Orange (C),Orange (C),Orange (C),Orange (C),Orange (C)
16180,Palerang (A),Palerang (A),Palerang (A),Palerang (A),Palerang (A),Palerang (A),#N/A
16200,Parkes (A),Parkes (A),Parkes (A),Parkes (A),Parkes (A),Parkes (A),Parkes (A)
16250,Parramatta (C),Parramatta (C),Parramatta (C),Parramatta (C),Parramatta (C),Parramatta (C),#N/A
16260,#N/A,#N/A,#N/A,#N/A,#N/A,#N/A,Parramatta (C)
16350,Penrith (C),Penrith (C),Penrith (C),Penrith (C),Penrith (C),Penrith (C),Penrith (C)
16370,Pittwater (A),Pittwater (A),Pittwater (A),Pittwater (A),Pittwater (A),Pittwater (A),#N/A
16380,Port Macquarie-Hastings (A),Port Macquarie-Hastings (A),Port Macquarie-Hastings (A),Port Macquarie-Hastings (A),Port Macquarie-Hastings (A),Port Macquarie-Hastings (A),Port Macquarie-Hastings (A)
16400,Port Stephens (A),Port Stephens (A),Port Stephens (A),Port Stephens (A),Port Stephens (A),Port Stephens (A),Port Stephens (A)
16470,Queanbeyan (C),Queanbeyan (C),Queanbeyan (C),Queanbeyan (C),Queanbeyan (C),Queanbeyan (C),#N/A
16490,#N/A,#N/A,#N/A,#N/A,#N/A,#N/A,Queanbeyan-Palerang Regional (A)
16550,Randwick (C),Randwick (C),Randwick (C),Randwick (C),Randwick (C),Randwick (C),Randwick (C)
16610,Richmond Valley (A),Richmond Valley (A),Richmond Valley (A),Richmond Valley (A),Richmond Valley (A),Richmond Valley (A),Richmond Valley (A)
16650,Rockdale (C),Rockdale (C),Rockdale (C),Rockdale (C),Rockdale (C),Rockdale (C),Rockdale (C)
16700,Ryde (C),Ryde (C),Ryde (C),Ryde (C),Ryde (C),Ryde (C),Ryde (C)
16900,Shellharbour (C),Shellharbour (C),Shellharbour (C),Shellharbour (C),Shellharbour (C),Shellharbour (C),Shellharbour (C)
16950,Shoalhaven (C),Shoalhaven (C),Shoalhaven (C),Shoalhaven (C),Shoalhaven (C),Shoalhaven (C),Shoalhaven (C)
17000,Singleton (A),Singleton (A),Singleton (A),Singleton (A),Singleton (A),Singleton (A),Singleton (A)
17040,#N/A,#N/A,#N/A,#N/A,#N/A,#N/A,Snowy Monaro Regional (A)
17050,Snowy River (A),Snowy River (A),Snowy River (A),Snowy River (A),Snowy River (A),Snowy River (A),#N/A
17080,#N/A,#N/A,#N/A,#N/A,#N/A,#N/A,Snowy Valleys (A)
17100,Strathfield (A),Strathfield (A),Strathfield (A),Strathfield (A),Strathfield (A),Strathfield (A),Strathfield (A)
17150,Sutherland Shire (A),Sutherland Shire (A),Sutherland Shire (A),Sutherland Shire (A),Sutherland Shire (A),Sutherland Shire (A),Sutherland Shire (A)
17200,Sydney (C),Sydney (C),Sydney (C),Sydney (C),Sydney (C),Sydney (C),Sydney (C)
17310,Tamworth Regional (A),Tamworth Regional (A),Tamworth Regional (A),Tamworth Regional (A),Tamworth Regional (A),Tamworth Regional (A),Tamworth Regional (A)
17350,Temora (A),Temora (A),Temora (A),Temora (A),Temora (A),Temora (A),Temora (A)
17400,Tenterfield (A),Tenterfield (A),Tenterfield (A),Tenterfield (A),Tenterfield (A),Tenterfield (A),Tenterfield (A)
17420,The Hills Shire (A),The Hills Shire (A),The Hills Shire (A),The Hills Shire (A),The Hills Shire (A),The Hills Shire (A),The Hills Shire (A)
17450,Tumbarumba (A),Tumbarumba (A),Tumbarumba (A),Tumbarumba (A),Tumbarumba (A),Tumbarumba (A),#N/A
17500,Tumut Shire (A),Tumut Shire (A),Tumut Shire (A),Tumut Shire (A),Tumut Shire (A),Tumut Shire (A),#N/A
17550,Tweed (A),Tweed (A),Tweed (A),Tweed (A),Tweed (A),Tweed (A),Tweed (A)
17620,Upper Hunter Shire (A),Upper Hunter Shire (A),Upper Hunter Shire (A),Upper Hunter Shire (A),Upper Hunter Shire (A),Upper Hunter Shire (A),Upper Hunter Shire (A)
17640,Upper Lachlan Shire (A),Upper Lachlan Shire (A),Upper Lachlan Shire (A),Upper Lachlan Shire (A),Upper Lachlan Shire (A),Upper Lachlan Shire (A),Upper Lachlan Shire (A)
17650,Uralla (A),Uralla (A),Uralla (A),Uralla (A),Uralla (A),Uralla (A),Uralla (A)
17700,Urana (A),Urana (A),Urana (A),Urana (A),Urana (A),Urana (A),#N/A
17750,Wagga Wagga (C),Wagga Wagga (C),Wagga Wagga (C),Wagga Wagga (C),Wagga Wagga (C),Wagga Wagga (C),Wagga Wagga (C)
17800,Wakool (A),Wakool (A),Wakool (A),Wakool (A),Wakool (A),Wakool (A),#N/A
17850,Walcha (A),Walcha (A),Walcha (A),Walcha (A),Walcha (A),Walcha (A),Walcha (A)
17900,Walgett (A),Walgett (A),Walgett (A),Walgett (A),Walgett (A),Walgett (A),Walgett (A)
17950,Warren (A),Warren (A),Warren (A),Warren (A),Warren (A),Warren (A),Warren (A)
18000,Warringah (A),Warringah (A),Warringah (A),Warringah (A),Warringah (A),Warringah (A),#N/A
18020,Warrumbungle Shire (A),Warrumbungle Shire (A),Warrumbungle Shire (A),Warrumbungle Shire (A),Warrumbungle Shire (A),Warrumbungle Shire (A),Warrumbungle Shire (A)
18050,Waverley (A),Waverley (A),Waverley (A),Waverley (A),Waverley (A),Waverley (A),Waverley (A)
18100,Weddin (A),Weddin (A),Weddin (A),Weddin (A),Weddin (A),Weddin (A),Weddin (A)
18150,Wellington (A),Wellington (A),Wellington (A),Wellington (A),Wellington (A),Wellington (A),#N/A
18200,Wentworth (A),Wentworth (A),Wentworth (A),Wentworth (A),Wentworth (A),Wentworth (A),Wentworth (A)
18230,#N/A,#N/A,#N/A,#N/A,#N/A,#N/A,Western Plains Regional (A)
18250,Willoughby (C),Willoughby (C),Willoughby (C),Willoughby (C),Willoughby (C),Willoughby (C),Willoughby (C)
18350,Wingecarribee (A),Wingecarribee (A),Wingecarribee (A),Wingecarribee (A),Wingecarribee (A),Wingecarribee (A),Wingecarribee (A)
18400,Wollondilly (A),Wollondilly (A),Wollondilly (A),Wollondilly (A),Wollondilly (A),Wollondilly (A),Wollondilly (A)
18450,Wollongong (C),Wollongong (C),Wollongong (C),Wollongong (C),Wollongong (C),Wollongong (C),Wollongong (C)
18500,Woollahra (A),Woollahra (A),Woollahra (A),Woollahra (A),Woollahra (A),Woollahra (A),Woollahra (A)
18550,Wyong (A),Wyong (A),Wyong (A),Wyong (A),Wyong (A),Wyong (A),#N/A
18710,Yass Valley (A),Yass Valley (A),Yass Valley (A),Yass Valley (A),Yass Valley (A),Yass Valley (A),Yass Valley (A)
18750,Young (A),Young (A),Young (A),Young (A),Young (A),Young (A),#N/A
19399,Unincorporated NSW,Unincorporated NSW,Unincorporated NSW,Unincorporated NSW,Unincorporated NSW,Unincorporated NSW,Unincorporated NSW
19499,No usual address (NSW),No usual address (NSW),No usual address (NSW),No usual address (NSW),No usual address (NSW),No usual address (NSW),No usual address (NSW)
20110,Alpine (S),Alpine (S),Alpine (S),Alpine (S),Alpine (S),Alpine (S),Alpine (S)
20260,Ararat (RC),Ararat (RC),Ararat (RC),Ararat (RC),Ararat (RC),Ararat (RC),Ararat (RC)
20570,Ballarat (C),Ballarat (C),Ballarat (C),Ballarat (C),Ballarat (C),Ballarat (C),Ballarat (C)
20660,Banyule (C),Banyule (C),Banyule (C),Banyule (C),Banyule (C),Banyule (C),Banyule (C)
20740,Bass Coast (S),Bass Coast (S),Bass Coast (S),Bass Coast (S),Bass Coast (S),Bass Coast (S),Bass Coast (S)
20830,Baw Baw (S),Baw Baw (S),Baw Baw (S),Baw Baw (S),Baw Baw (S),Baw Baw (S),Baw Baw (S)
20910,Bayside (C),Bayside (C),Bayside (C),Bayside (C),Bayside (C),Bayside (C),Bayside (C)
21010,Benalla (RC),Benalla (RC),Benalla (RC),Benalla (RC),Benalla (RC),Benalla (RC),Benalla (RC)
21110,Boroondara (C),Boroondara (C),Boroondara (C),Boroondara (C),Boroondara (C),Boroondara (C),Boroondara (C)
21180,Brimbank (C),Brimbank (C),Brimbank (C),Brimbank (C),Brimbank (C),Brimbank (C),Brimbank (C)
21270,Buloke (S),Buloke (S),Buloke (S),Buloke (S),Buloke (S),Buloke (S),Buloke (S)
21370,Campaspe (S),Campaspe (S),Campaspe (S),Campaspe (S),Campaspe (S),Campaspe (S),Campaspe (S)
21450,Cardinia (S),Cardinia (S),Cardinia (S),Cardinia (S),Cardinia (S),Cardinia (S),Cardinia (S)
21610,Casey (C),Casey (C),Casey (C),Casey (C),Casey (C),Casey (C),Casey (C)
21670,Central Goldfields (S),Central Goldfields (S),Central Goldfields (S),Central Goldfields (S),Central Goldfields (S),Central Goldfields (S),Central Goldfields (S)
21750,Colac-Otway (S),Colac-Otway (S),Colac-Otway (S),Colac-Otway (S),Colac-Otway (S),Colac-Otway (S),Colac-Otway (S)
21830,Corangamite (S),Corangamite (S),Corangamite (S),Corangamite (S),Corangamite (S),Corangamite (S),Corangamite (S)
21890,Darebin (C),Darebin (C),Darebin (C),Darebin (C),Darebin (C),Darebin (C),Darebin (C)
22110,East Gippsland (S),East Gippsland (S),East Gippsland (S),East Gippsland (S),East Gippsland (S),East Gippsland (S),East Gippsland (S)
22170,Frankston (C),Frankston (C),Frankston (C),Frankston (C),Frankston (C),Frankston (C),Frankston (C)
22250,Gannawarra (S),Gannawarra (S),Gannawarra (S),Gannawarra (S),Gannawarra (S),Gannawarra (S),Gannawarra (S)
22310,Glen Eira (C),Glen Eira (C),Glen Eira (C),Glen Eira (C),Glen Eira (C),Glen Eira (C),Glen Eira (C)
22410,Glenelg (S),Glenelg (S),Glenelg (S),Glenelg (S),Glenelg (S),Glenelg (S),Glenelg (S)
22490,Golden Plains (S),Golden Plains (S),Golden Plains (S),Golden Plains (S),Golden Plains (S),Golden Plains (S),Golden Plains (S)
22620,Greater Bendigo (C),Greater Bendigo (C),Greater Bendigo (C),Greater Bendigo (C),Greater Bendigo (C),Greater Bendigo (C),Greater Bendigo (C)
22670,Greater Dandenong (C),Greater Dandenong (C),Greater Dandenong (C),Greater Dandenong (C),Greater Dandenong (C),Greater Dandenong (C),Greater Dandenong (C)
22750,Greater Geelong (C),Greater Geelong (C),Greater Geelong (C),Greater Geelong (C),Greater Geelong (C),Greater Geelong (C),Greater Geelong (C)
22830,Greater Shepparton (C),Greater Shepparton (C),Greater Shepparton (C),Greater Shepparton (C),Greater Shepparton (C),Greater Shepparton (C),Greater Shepparton (C)
22910,Hepburn (S),Hepburn (S),Hepburn (S),Hepburn (S),Hepburn (S),Hepburn (S),Hepburn (S)
22980,Hindmarsh (S),Hindmarsh (S),Hindmarsh (S),Hindmarsh (S),Hindmarsh (S),Hindmarsh (S),Hindmarsh (S)
23110,Hobsons Bay (C),Hobsons Bay (C),Hobsons Bay (C),Hobsons Bay (C),Hobsons Bay (C),Hobsons Bay (C),Hobsons Bay (C)
23190,Horsham (RC),Horsham (RC),Horsham (RC),Horsham (RC),Horsham (RC),Horsham (RC),Horsham (RC)
23270,Hume (C),Hume (C),Hume (C),Hume (C),Hume (C),Hume (C),Hume (C)
23350,Indigo (S),Indigo (S),Indigo (S),Indigo (S),Indigo (S),Indigo (S),Indigo (S)
23430,Kingston (C),Kingston (C),Kingston (C),Kingston (C),Kingston (C),Kingston (C),Kingston (C) (Vic.)
23670,Knox (C),Knox (C),Knox (C),Knox (C),Knox (C),Knox (C),Knox (C)
23810,Latrobe (C),Latrobe (C),Latrobe (C),Latrobe (C),Latrobe (C),Latrobe (C),Latrobe (C) (Vic.)
23940,Loddon (S),Loddon (S),Loddon (S),Loddon (S),Loddon (S),Loddon (S),Loddon (S)
24130,Macedon Ranges (S),Macedon Ranges (S),Macedon Ranges (S),Macedon Ranges (S),Macedon Ranges (S),Macedon Ranges (S),Macedon Ranges (S)
24210,Manningham (C),Manningham (C),Manningham (C),Manningham (C),Manningham (C),Manningham (C),Manningham (C)
24250,Mansfield (S),Mansfield (S),Mansfield (S),Mansfield (S),Mansfield (S),Mansfield (S),Mansfield (S)
24330,Maribyrnong (C),Maribyrnong (C),Maribyrnong (C),Maribyrnong (C),Maribyrnong (C),Maribyrnong (C),Maribyrnong (C)
24410,Maroondah (C),Maroondah (C),Maroondah (C),Maroondah (C),Maroondah (C),Maroondah (C),Maroondah (C)
24600,Melbourne (C),Melbourne (C),Melbourne (C),Melbourne (C),Melbourne (C),Melbourne (C),Melbourne (C)
24650,Melton (S),Melton (S),Melton (S),Melton (C),Melton (C),Melton (C),Melton (C)
24650,Melton (C),Melton (S),Melton (S),Melton (C),Melton (C),Melton (C),Melton (C)
24780,Mildura (RC),Mildura (RC),Mildura (RC),Mildura (RC),Mildura (RC),Mildura (RC),Mildura (RC)
24850,Mitchell (S),Mitchell (S),Mitchell (S),Mitchell (S),Mitchell (S),Mitchell (S),Mitchell (S)
24900,Moira (S),Moira (S),Moira (S),Moira (S),Moira (S),Moira (S),Moira (S)
24970,Monash (C),Monash (C),Monash (C),Monash (C),Monash (C),Monash (C),Monash (C)
25060,Moonee Valley (C),Moonee Valley (C),Moonee Valley (C),Moonee Valley (C),Moonee Valley (C),Moonee Valley (C),Moonee Valley (C)
25150,Moorabool (S),Moorabool (S),Moorabool (S),Moorabool (S),Moorabool (S),Moorabool (S),Moorabool (S)
25250,Moreland (C),Moreland (C),Moreland (C),Moreland (C),Moreland (C),Moreland (C),Moreland (C)
25340,Mornington Peninsula (S),Mornington Peninsula (S),Mornington Peninsula (S),Mornington Peninsula (S),Mornington Peninsula (S),Mornington Peninsula (S),Mornington Peninsula (S)
25430,Mount Alexander (S),Mount Alexander (S),Mount Alexander (S),Mount Alexander (S),Mount Alexander (S),Mount Alexander (S),Mount Alexander (S)
25490,Moyne (S),Moyne (S),Moyne (S),Moyne (S),Moyne (S),Moyne (S),Moyne (S)
25620,Murrindindi (S),Murrindindi (S),Murrindindi (S),Murrindindi (S),Murrindindi (S),Murrindindi (S),Murrindindi (S)
25710,Nillumbik (S),Nillumbik (S),Nillumbik (S),Nillumbik (S),Nillumbik (S),Nillumbik (S),Nillumbik (S)
25810,Northern Grampians (S),Northern Grampians (S),Northern Grampians (S),Northern Grampians (S),Northern Grampians (S),Northern Grampians (S),Northern Grampians (S)
25900,Port Phillip (C),Port Phillip (C),Port Phillip (C),Port Phillip (C),Port Phillip (C),Port Phillip (C),Port Phillip (C)
25990,Pyrenees (S),Pyrenees (S),Pyrenees (S),Pyrenees (S),Pyrenees (S),Pyrenees (S),Pyrenees (S)
26080,Queenscliffe (B),Queenscliffe (B),Queenscliffe (B),Queenscliffe (B),Queenscliffe (B),Queenscliffe (B),Queenscliffe (B)
26170,South Gippsland (S),South Gippsland (S),South Gippsland (S),South Gippsland (S),South Gippsland (S),South Gippsland (S),South Gippsland (S)
26260,Southern Grampians (S),Southern Grampians (S),Southern Grampians (S),Southern Grampians (S),Southern Grampians (S),Southern Grampians (S),Southern Grampians (S)
26350,Stonnington (C),Stonnington (C),Stonnington (C),Stonnington (C),Stonnington (C),Stonnington (C),Stonnington (C)
26430,Strathbogie (S),Strathbogie (S),Strathbogie (S),Strathbogie (S),Strathbogie (S),Strathbogie (S),Strathbogie (S)
26490,Surf Coast (S),Surf Coast (S),Surf Coast (S),Surf Coast (S),Surf Coast (S),Surf Coast (S),Surf Coast (S)
26610,Swan Hill (RC),Swan Hill (RC),Swan Hill (RC),Swan Hill (RC),Swan Hill (RC),Swan Hill (RC),Swan Hill (RC)
26670,Towong (S),Towong (S),Towong (S),Towong (S),Towong (S),Towong (S),Towong (S)
26700,Wangaratta (RC),Wangaratta (RC),Wangaratta (RC),Wangaratta (RC),Wangaratta (RC),Wangaratta (RC),Wangaratta (RC)
26730,Warrnambool (C),Warrnambool (C),Warrnambool (C),Warrnambool (C),Warrnambool (C),Warrnambool (C),Warrnambool (C)
26810,Wellington (S),Wellington (S),Wellington (S),Wellington (S),Wellington (S),Wellington (S),Wellington (S)
26890,West Wimmera (S),West Wimmera (S),West Wimmera (S),West Wimmera (S),West Wimmera (S),West Wimmera (S),West Wimmera (S)
26980,Whitehorse (C),Whitehorse (C),Whitehorse (C),Whitehorse (C),Whitehorse (C),Whitehorse (C),Whitehorse (C)
27070,Whittlesea (C),Whittlesea (C),Whittlesea (C),Whittlesea (C),Whittlesea (C),Whittlesea (C),Whittlesea (C)
27170,Wodonga (RC),Wodonga (RC),Wodonga (RC),Wodonga (RC),Wodonga (RC),Wodonga (RC),Wodonga (C)
27260,Wyndham (C),Wyndham (C),Wyndham (C),Wyndham (C),Wyndham (C),Wyndham (C),Wyndham (C)
27350,Yarra (C),Yarra (C),Yarra (C),Yarra (C),Yarra (C),Yarra (C),Yarra (C)
27450,Yarra Ranges (S),Yarra Ranges (S),Yarra Ranges (S),Yarra Ranges (S),Yarra Ranges (S),Yarra Ranges (S),Yarra Ranges (S)
27630,Yarriambiack (S),Yarriambiack (S),Yarriambiack (S),Yarriambiack (S),Yarriambiack (S),Yarriambiack (S),Yarriambiack (S)
29399,Unincorporated Vic,Unincorporated Vic,Unincorporated Vic,Unincorporated Vic,Unincorporated Vic,Unincorporated Vic,Unincorporated Vic
29499,No usual address (Vic.),No usual address (Vic.),No usual address (Vic.),No usual address (Vic.),No usual address (Vic.),No usual address (Vic.),No usual address (Vic.)
30250,Aurukun (S),Aurukun (S),Aurukun (S),Aurukun (S),Aurukun (S),Aurukun (S),Aurukun (S)
30300,Balonne (S),Balonne (S),Balonne (S),Balonne (S),Balonne (S),Balonne (S),Balonne (S)
30370,Banana (S),Banana (S),Banana (S),Banana (S),Banana (S),Banana (S),Banana (S)
30410,Barcaldine (R),Barcaldine (R),Barcaldine (R),Barcaldine (R),Barcaldine (R),Barcaldine (R),Barcaldine (R)
30450,Barcoo (S),Barcoo (S),Barcoo (S),Barcoo (S),Barcoo (S),Barcoo (S),Barcoo (S)
30760,Blackall Tambo (R),Blackall Tambo (R),Blackall Tambo (R),Blackall Tambo (R),Blackall-Tambo (R),Blackall-Tambo (R),Blackall-Tambo (R)
30760,Blackall-Tambo (R),Blackall Tambo (R),Blackall Tambo (R),Blackall Tambo (R),Blackall-Tambo (R),Blackall-Tambo (R),Blackall-Tambo (R)
30900,Boulia (S),Boulia (S),Boulia (S),Boulia (S),Boulia (S),Boulia (S),Boulia (S)
31000,Brisbane (C),Brisbane (C),Brisbane (C),Brisbane (C),Brisbane (C),Brisbane (C),Brisbane (C)
31750,Bulloo (S),Bulloo (S),Bulloo (S),Bulloo (S),Bulloo (S),Bulloo (S),Bulloo (S)
31820,Bundaberg (R),Bundaberg (R),Bundaberg (R),Bundaberg (R),Bundaberg (R),Bundaberg (R),Bundaberg (R)
31900,Burdekin (S),Burdekin (S),Burdekin (S),Burdekin (S),Burdekin (S),Burdekin (S),Burdekin (S)
31950,Burke (S),Burke (S),Burke (S),Burke (S),Burke (S),Burke (S),Burke (S)
32070,Cairns (R),Cairns (R),Cairns (R),Cairns (R),#N/A,#N/A,#N/A
32080,Cairns (R),#N/A,#N/A,#N/A,Cairns (R),Cairns (R),Cairns (R)
32250,Carpentaria (S),Carpentaria (S),Carpentaria (S),Carpentaria (S),Carpentaria (S),Carpentaria (S),Carpentaria (S)
32260,Cassowary Coast (R),Cassowary Coast (R),Cassowary Coast (R),Cassowary Coast (R),Cassowary Coast (R),Cassowary Coast (R),Cassowary Coast (R)
32270,Central Highlands (R),Central Highlands (R),Central Highlands (R),Central Highlands (R),Central Highlands (R),Central Highlands (R),Central Highlands (R) (Qld)
32310,Charters Towers (R),Charters Towers (R),Charters Towers (R),Charters Towers (R),Charters Towers (R),Charters Towers (R),Charters Towers (R)
32330,Cherbourg (S),Cherbourg (S),Cherbourg (S),Cherbourg (S),Cherbourg (S),Cherbourg (S),Cherbourg (S)
32450,Cloncurry (S),Cloncurry (S),Cloncurry (S),Cloncurry (S),Cloncurry (S),Cloncurry (S),Cloncurry (S)
32500,Cook (S),Cook (S),Cook (S),Cook (S),Cook (S),Cook (S),Cook (S)
32600,Croydon (S),Croydon (S),Croydon (S),Croydon (S),Croydon (S),Croydon (S),Croydon (S)
32750,Diamantina (S),Diamantina (S),Diamantina (S),Diamantina (S),Diamantina (S),Diamantina (S),Diamantina (S)
32770,Doomadgee (S),Doomadgee (S),Doomadgee (S),Doomadgee (S),Doomadgee (S),Doomadgee (S),Doomadgee (S)
32810,Douglas (S),#N/A,#N/A,#N/A,Douglas (S),Douglas (S),Douglas (S)
33100,Etheridge (S),Etheridge (S),Etheridge (S),Etheridge (S),Etheridge (S),Etheridge (S),Etheridge (S)
33200,Flinders (S),Flinders (S),Flinders (S),Flinders (S),Flinders (S),Flinders (S),Flinders (S) (Qld)
33220,Fraser Coast (R),Fraser Coast (R),Fraser Coast (R),Fraser Coast (R),Fraser Coast (R),Fraser Coast (R),Fraser Coast (R)
33360,Gladstone (R),Gladstone (R),Gladstone (R),Gladstone (R),Gladstone (R),Gladstone (R),Gladstone (R)
33430,Gold Coast (C),Gold Coast (C),Gold Coast (C),Gold Coast (C),Gold Coast (C),Gold Coast (C),Gold Coast (C)
33610,Goondiwindi (R),Goondiwindi (R),Goondiwindi (R),Goondiwindi (R),Goondiwindi (R),Goondiwindi (R),Goondiwindi (R)
33620,Gympie (R),Gympie (R),Gympie (R),Gympie (R),Gympie (R),Gympie (R),Gympie (R)
33800,Hinchinbrook (S),Hinchinbrook (S),Hinchinbrook (S),Hinchinbrook (S),Hinchinbrook (S),Hinchinbrook (S),Hinchinbrook (S)
33830,Hope Vale (S),Hope Vale (S),Hope Vale (S),Hope Vale (S),Hope Vale (S),Hope Vale (S),Hope Vale (S)
33960,Ipswich (C),Ipswich (C),Ipswich (C),Ipswich (C),Ipswich (C),Ipswich (C),Ipswich (C)
33980,Isaac (R),Isaac (R),Isaac (R),Isaac (R),Isaac (R),Isaac (R),Isaac (R)
34420,Kowanyama (S),Kowanyama (S),Kowanyama (S),Kowanyama (S),Kowanyama (S),Kowanyama (S),Kowanyama (S)
34530,Livingstone (S),#N/A,#N/A,#N/A,Livingstone (S),Livingstone (S),Livingstone (S)
34570,Lockhart River (S),Lockhart River (S),Lockhart River (S),Lockhart River (S),Lockhart River (S),Lockhart River (S),Lockhart River (S)
34580,Lockyer Valley (R),Lockyer Valley (R),Lockyer Valley (R),Lockyer Valley (R),Lockyer Valley (R),Lockyer Valley (R),Lockyer Valley (R)
34590,Logan (C),Logan (C),Logan (C),Logan (C),Logan (C),Logan (C),Logan (C)
34710,Longreach (R),Longreach (R),Longreach (R),Longreach (R),Longreach (R),Longreach (R),Longreach (R)
34770,Mackay (R),Mackay (R),Mackay (R),Mackay (R),Mackay (R),Mackay (R),Mackay (R)
34800,McKinlay (S),McKinlay (S),McKinlay (S),McKinlay (S),McKinlay (S),McKinlay (S),McKinlay (S)
34830,Mapoon (S),Mapoon (S),Mapoon (S),Mapoon (S),Mapoon (S),Mapoon (S),Mapoon (S)
34860,Maranoa (R),Maranoa (R),Maranoa (R),Maranoa (R),Maranoa (R),Maranoa (R),Maranoa (R)
34880,Mareeba (S),#N/A,#N/A,#N/A,Mareeba (S),Mareeba (S),Mareeba (S)
35010,Moreton Bay (R),Moreton Bay (R),Moreton Bay (R),Moreton Bay (R),Moreton Bay (R),Moreton Bay (R),Moreton Bay (R)
35250,Mornington (S),Mornington (S),Mornington (S),Mornington (S),Mornington (S),Mornington (S),Mornington (S)
35300,Mount Isa (C),Mount Isa (C),Mount Isa (C),Mount Isa (C),Mount Isa (C),Mount Isa (C),Mount Isa (C)
35600,Murweh (S),Murweh (S),Murweh (S),Murweh (S),Murweh (S),Murweh (S),Murweh (S)
35670,Napranum (S),Napranum (S),Napranum (S),Napranum (S),Napranum (S),Napranum (S),Napranum (S)
35740,Noosa (S),#N/A,#N/A,#N/A,Noosa (S),Noosa (S),Noosa (S)
35760,North Burnett (R),North Burnett (R),North Burnett (R),North Burnett (R),North Burnett (R),North Burnett (R),North Burnett (R)
35780,Northern Peninsula Area (R),Northern Peninsula Area (R),Northern Peninsula Area (R),Northern Peninsula Area (R),Northern Peninsula Area (R),Northern Peninsula Area (R),Northern Peninsula Area (R)
35790,Palm Island (S),Palm Island (S),Palm Island (S),Palm Island (S),Palm Island (S),Palm Island (S),Palm Island (S)
35800,Paroo (S),Paroo (S),Paroo (S),Paroo (S),Paroo (S),Paroo (S),Paroo (S)
36070,Pormpuraaw (S),Pormpuraaw (S),Pormpuraaw (S),Pormpuraaw (S),Pormpuraaw (S),Pormpuraaw (S),Pormpuraaw (S)
36150,Quilpie (S),Quilpie (S),Quilpie (S),Quilpie (S),Quilpie (S),Quilpie (S),Quilpie (S)
36250,Redland (C),Redland (C),Redland (C),Redland (C),Redland (C),Redland (C),Redland (C)
36300,Richmond (S),Richmond (S),Richmond (S),Richmond (S),Richmond (S),Richmond (S),Richmond (S)
36360,Rockhampton (R),Rockhampton (R),Rockhampton (R),Rockhampton (R),#N/A,#N/A,#N/A
36370,Rockhampton (R),#N/A,#N/A,#N/A,Rockhampton (R),Rockhampton (R),Rockhampton (R)
36510,Scenic Rim (R),Scenic Rim (R),Scenic Rim (R),Scenic Rim (R),Scenic Rim (R),Scenic Rim (R),Scenic Rim (R)
36580,Somerset (R),Somerset (R),Somerset (R),Somerset (R),Somerset (R),Somerset (R),Somerset (R)
36630,South Burnett (R),South Burnett (R),South Burnett (R),South Burnett (R),South Burnett (R),South Burnett (R),South Burnett (R)
36660,Southern Downs (R),Southern Downs (R),Southern Downs (R),Southern Downs (R),Southern Downs (R),Southern Downs (R),Southern Downs (R)
36710,Sunshine Coast (R),Sunshine Coast (R),Sunshine Coast (R),Sunshine Coast (R),#N/A,#N/A,#N/A
36720,Sunshine Coast (R),#N/A,#N/A,#N/A,Sunshine Coast (R),Sunshine Coast (R),Sunshine Coast (R)
36810,Tablelands (R),Tablelands (R),Tablelands (R),Tablelands (R),#N/A,#N/A,#N/A
36820,Tablelands (R),#N/A,#N/A,#N/A,Tablelands (R),Tablelands (R),Tablelands (R)
36910,Toowoomba (R),Toowoomba (R),Toowoomba (R),Toowoomba (R),Toowoomba (R),Toowoomba (R),Toowoomba (R)
36950,Torres (S),Torres (S),Torres (S),Torres (S),Torres (S),Torres (S),Torres (S)
36960,Torres Strait Island (R),Torres Strait Island (R),Torres Strait Island (R),Torres Strait Island (R),Torres Strait Island (R),Torres Strait Island (R),Torres Strait Island (R)
37010,Townsville (C),Townsville (C),Townsville (C),Townsville (C),Townsville (C),Townsville (C),Townsville (C)
37300,Weipa (T),Weipa (T),Weipa (T),Weipa (T),Weipa (T),Weipa (T),Weipa (T)
37310,Western Downs (R),Western Downs (R),Western Downs (R),Western Downs (R),Western Downs (R),Western Downs (R),Western Downs (R)
37340,Whitsunday (R),Whitsunday (R),Whitsunday (R),Whitsunday (R),Whitsunday (R),Whitsunday (R),Whitsunday (R)
37400,Winton (S),Winton (S),Winton (S),Winton (S),Winton (S),Winton (S),Winton (S)
37550,Woorabinda (S),Woorabinda (S),Woorabinda (S),Woorabinda (S),Woorabinda (S),Woorabinda (S),Woorabinda (S)
37570,Wujal Wujal (S),Wujal Wujal (S),Wujal Wujal (S),Wujal Wujal (S),Wujal Wujal (S),Wujal Wujal (S),Wujal Wujal (S)
37600,Yarrabah (S),Yarrabah (S),Yarrabah (S),Yarrabah (S),Yarrabah (S),Yarrabah (S),Yarrabah (S)
39399,Unincorporated Qld,Unincorporated Qld,Unincorporated Qld,Unincorporated Qld,Unincorporated Qld,Unincorporated Qld,#N/A
39499,No usual address (Qld),No usual address (Qld),No usual address (Qld),No usual address (Qld),No usual address (Qld),No usual address (Qld),No usual address (Qld)
40070,Adelaide (C),Adelaide (C),Adelaide (C),Adelaide (C),Adelaide (C),Adelaide (C),Adelaide (C)
40120,Adelaide Hills (DC),Adelaide Hills (DC),Adelaide Hills (DC),Adelaide Hills (DC),Adelaide Hills (DC),Adelaide Hills (DC),Adelaide Hills (DC)
40220,Alexandrina (DC),Alexandrina (DC),Alexandrina (DC),Alexandrina (DC),Alexandrina (DC),Alexandrina (DC),Alexandrina (DC)
40250,Anangu Pitjantjatjara (AC),Anangu Pitjantjatjara (AC),Anangu Pitjantjatjara (AC),Anangu Pitjantjatjara (AC),Anangu Pitjantjatjara (AC),Anangu Pitjantjatjara (AC),Anangu Pitjantjatjara (AC)
40310,Barossa (DC),Barossa (DC),Barossa (DC),Barossa (DC),Barossa (DC),Barossa (DC),Barossa (DC)
40430,Barunga West (DC),Barunga West (DC),Barunga West (DC),Barunga West (DC),Barunga West (DC),Barunga West (DC),Barunga West (DC)
40520,Berri and Barmera (DC),Berri and Barmera (DC),Berri and Barmera (DC),Berri and Barmera (DC),Berri and Barmera (DC),Berri and Barmera (DC),Berri and Barmera (DC)
40700,Burnside (C),Burnside (C),Burnside (C),Burnside (C),Burnside (C),Burnside (C),Burnside (C)
40910,Campbelltown (C),Campbelltown (C),Campbelltown (C),Campbelltown (C),Campbelltown (C),Campbelltown (C),Campbelltown (C) (SA)
41010,Ceduna (DC),Ceduna (DC),Ceduna (DC),Ceduna (DC),Ceduna (DC),Ceduna (DC),Ceduna (DC)
41060,Charles Sturt (C),Charles Sturt (C),Charles Sturt (C),Charles Sturt (C),Charles Sturt (C),Charles Sturt (C),Charles Sturt (C)
41140,Clare and Gilbert Valleys (DC),Clare and Gilbert Valleys (DC),Clare and Gilbert Valleys (DC),Clare and Gilbert Valleys (DC),Clare and Gilbert Valleys (DC),Clare and Gilbert Valleys (DC),Clare and Gilbert Valleys (DC)
41190,Cleve (DC),Cleve (DC),Cleve (DC),Cleve (DC),Cleve (DC),Cleve (DC),Cleve (DC)
41330,Coober Pedy (DC),Coober Pedy (DC),Coober Pedy (DC),Coober Pedy (DC),Coober Pedy (DC),Coober Pedy (DC),Coober Pedy (DC)
41560,Copper Coast (DC),Copper Coast (DC),Copper Coast (DC),Copper Coast (DC),Copper Coast (DC),Copper Coast (DC),Copper Coast (DC)
41750,Elliston (DC),Elliston (DC),Elliston (DC),Elliston (DC),Elliston (DC),Elliston (DC),Elliston (DC)
41830,Flinders Ranges (DC),Flinders Ranges (DC),Flinders Ranges (DC),Flinders Ranges (DC),Flinders Ranges (DC),Flinders Ranges (DC),Flinders Ranges (DC)
41960,Franklin Harbour (DC),Franklin Harbour (DC),Franklin Harbour (DC),Franklin Harbour (DC),Franklin Harbour (DC),Franklin Harbour (DC),Franklin Harbour (DC)
42030,Gawler (T),Gawler (T),Gawler (T),Gawler (T),Gawler (T),Gawler (T),Gawler (T)
42110,Goyder (DC),Goyder (DC),Goyder (DC),Goyder (DC),Goyder (DC),Goyder (DC),Goyder (DC)
42250,Grant (DC),Grant (DC),Grant (DC),Grant (DC),Grant (DC),Grant (DC),Grant (DC)
42600,Holdfast Bay (C),Holdfast Bay (C),Holdfast Bay (C),Holdfast Bay (C),Holdfast Bay (C),Holdfast Bay (C),Holdfast Bay (C)
42750,Kangaroo Island (DC),Kangaroo Island (DC),Kangaroo Island (DC),Kangaroo Island (DC),Kangaroo Island (DC),Kangaroo Island (DC),Kangaroo Island (DC)
43080,Karoonda East Murray (DC),Karoonda East Murray (DC),Karoonda East Murray (DC),Karoonda East Murray (DC),Karoonda East Murray (DC),Karoonda East Murray (DC),Karoonda East Murray (DC)
43220,Kimba (DC),Kimba (DC),Kimba (DC),Kimba (DC),Kimba (DC),Kimba (DC),Kimba (DC)
43360,Kingston (DC),Kingston (DC),Kingston (DC),Kingston (DC),Kingston (DC),Kingston (DC),Kingston (DC) (SA)
43650,Light (RegC),Light (RegC),Light (RegC),Light (RegC),Light (RegC),Light (RegC),Light (RegC)
43710,Lower Eyre Peninsula (DC),Lower Eyre Peninsula (DC),Lower Eyre Peninsula (DC),Lower Eyre Peninsula (DC),Lower Eyre Peninsula (DC),Lower Eyre Peninsula (DC),Lower Eyre Peninsula (DC)
43790,Loxton Waikerie (DC),Loxton Waikerie (DC),Loxton Waikerie (DC),Loxton Waikerie (DC),Loxton Waikerie (DC),Loxton Waikerie (DC),Loxton Waikerie (DC)
43920,Mallala (DC),Mallala (DC),Mallala (DC),Mallala (DC),Mallala (DC),Mallala (DC),Mallala (DC)
44000,Maralinga Tjarutja (AC),Maralinga Tjarutja (AC),Maralinga Tjarutja (AC),Maralinga Tjarutja (AC),Maralinga Tjarutja (AC),Maralinga Tjarutja (AC),Maralinga Tjarutja (AC)
44060,Marion (C),Marion (C),Marion (C),Marion (C),Marion (C),Marion (C),Marion (C)
44210,Mid Murray (DC),Mid Murray (DC),Mid Murray (DC),Mid Murray (DC),Mid Murray (DC),Mid Murray (DC),Mid Murray (DC)
44340,Mitcham (C),Mitcham (C),Mitcham (C),Mitcham (C),Mitcham (C),Mitcham (C),Mitcham (C)
44550,Mount Barker (DC),Mount Barker (DC),Mount Barker (DC),Mount Barker (DC),Mount Barker (DC),Mount Barker (DC),Mount Barker (DC)
44620,Mount Gambier (C),Mount Gambier (C),Mount Gambier (C),Mount Gambier (C),Mount Gambier (C),Mount Gambier (C),Mount Gambier (C)
44830,Mount Remarkable (DC),Mount Remarkable (DC),Mount Remarkable (DC),Mount Remarkable (DC),Mount Remarkable (DC),Mount Remarkable (DC),Mount Remarkable (DC)
45040,Murray Bridge (RC),Murray Bridge (RC),Murray Bridge (RC),Murray Bridge (RC),Murray Bridge (RC),Murray Bridge (RC),Murray Bridge (RC)
45090,Naracoorte and Lucindale (DC),Naracoorte and Lucindale (DC),Naracoorte and Lucindale (DC),Naracoorte and Lucindale (DC),Naracoorte and Lucindale (DC),Naracoorte and Lucindale (DC),Naracoorte and Lucindale (DC)
45120,Northern Areas (DC),Northern Areas (DC),Northern Areas (DC),Northern Areas (DC),Northern Areas (DC),Northern Areas (DC),Northern Areas (DC)
45290,Norwood Payneham St Peters (C),Norwood Payneham St Peters (C),Norwood Payneham St Peters (C),Norwood Payneham St Peters (C),Norwood Payneham St Peters (C),Norwood Payneham St Peters (C),Norwood Payneham St Peters (C)
45340,Onkaparinga (C),Onkaparinga (C),Onkaparinga (C),Onkaparinga (C),Onkaparinga (C),Onkaparinga (C),Onkaparinga (C)
45400,Orroroo/Carrieton (DC),Orroroo/Carrieton (DC),Orroroo/Carrieton (DC),Orroroo/Carrieton (DC),Orroroo/Carrieton (DC),Orroroo/Carrieton (DC),Orroroo/Carrieton (DC)
45540,Peterborough (DC),Peterborough (DC),Peterborough (DC),Peterborough (DC),Peterborough (DC),Peterborough (DC),Peterborough (DC)
45680,Playford (C),Playford (C),Playford (C),Playford (C),Playford (C),Playford (C),Playford (C)
45890,Port Adelaide Enfield (C),Port Adelaide Enfield (C),Port Adelaide Enfield (C),Port Adelaide Enfield (C),Port Adelaide Enfield (C),Port Adelaide Enfield (C),Port Adelaide Enfield (C)
46090,Port Augusta (C),Port Augusta (C),Port Augusta (C),Port Augusta (C),Port Augusta (C),Port Augusta (C),Port Augusta (C)
46300,Port Lincoln (C),Port Lincoln (C),Port Lincoln (C),Port Lincoln (C),Port Lincoln (C),Port Lincoln (C),Port Lincoln (C)
46450,Port Pirie City and Dists (M),Port Pirie City and Dists (M),Port Pirie City and Dists (M),Port Pirie City and Dists (M),Port Pirie City and Dists (M),Port Pirie City and Dists (M),Port Pirie City and Dists (M)
46510,Prospect (C),Prospect (C),Prospect (C),Prospect (C),Prospect (C),Prospect (C),Prospect (C)
46670,Renmark Paringa (DC),Renmark Paringa (DC),Renmark Paringa (DC),Renmark Paringa (DC),Renmark Paringa (DC),Renmark Paringa (DC),Renmark Paringa (DC)
46860,Robe (DC),Robe (DC),Robe (DC),Robe (DC),Robe (DC),Robe (DC),Robe (DC)
46970,Roxby Downs (M),Roxby Downs (M),Roxby Downs (M),Roxby Downs (M),Roxby Downs (M),Roxby Downs (M),Roxby Downs (M)
47140,Salisbury (C),Salisbury (C),Salisbury (C),Salisbury (C),Salisbury (C),Salisbury (C),Salisbury (C)
47290,Southern Mallee (DC),Southern Mallee (DC),Southern Mallee (DC),Southern Mallee (DC),Southern Mallee (DC),Southern Mallee (DC),Southern Mallee (DC)
47490,Streaky Bay (DC),Streaky Bay (DC),Streaky Bay (DC),Streaky Bay (DC),Streaky Bay (DC),Streaky Bay (DC),Streaky Bay (DC)
47630,Tatiara (DC),Tatiara (DC),Tatiara (DC),Tatiara (DC),Tatiara (DC),Tatiara (DC),Tatiara (DC)
47700,Tea Tree Gully (C),Tea Tree Gully (C),Tea Tree Gully (C),Tea Tree Gully (C),Tea Tree Gully (C),Tea Tree Gully (C),Tea Tree Gully (C)
47800,The Coorong (DC),The Coorong (DC),The Coorong (DC),The Coorong (DC),The Coorong (DC),The Coorong (DC),The Coorong (DC)
47910,Tumby Bay (DC),Tumby Bay (DC),Tumby Bay (DC),Tumby Bay (DC),Tumby Bay (DC),Tumby Bay (DC),Tumby Bay (DC)
47980,Unley (C),Unley (C),Unley (C),Unley (C),Unley (C),Unley (C),Unley (C)
48050,Victor Harbor (C),Victor Harbor (C),Victor Harbor (C),Victor Harbor (C),Victor Harbor (C),Victor Harbor (C),Victor Harbor (C)
48130,Wakefield (DC),Wakefield (DC),Wakefield (DC),Wakefield (DC),Wakefield (DC),Wakefield (DC),Wakefield (DC)
48260,Walkerville (M),Walkerville (M),Walkerville (M),Walkerville (M),Walkerville (M),Walkerville (M),Walkerville (M)
48340,Wattle Range (DC),Wattle Range (DC),Wattle Range (DC),Wattle Range (DC),Wattle Range (DC),Wattle Range (DC),Wattle Range (DC)
48410,West Torrens (C),West Torrens (C),West Torrens (C),West Torrens (C),West Torrens (C),West Torrens (C),West Torrens (C)
48540,Whyalla (C),Whyalla (C),Whyalla (C),Whyalla (C),Whyalla (C),Whyalla (C),Whyalla (C)
48640,Wudinna (DC),Wudinna (DC),Wudinna (DC),Wudinna (DC),Wudinna (DC),Wudinna (DC),Wudinna (DC)
48750,Yankalilla (DC),Yankalilla (DC),Yankalilla (DC),Yankalilla (DC),Yankalilla (DC),Yankalilla (DC),Yankalilla (DC)
48830,Yorke Peninsula (DC),Yorke Peninsula (DC),Yorke Peninsula (DC),Yorke Peninsula (DC),Yorke Peninsula (DC),Yorke Peninsula (DC),Yorke Peninsula (DC)
49399,Unincorporated SA,Unincorporated SA,Unincorporated SA,Unincorporated SA,Unincorporated SA,Unincorporated SA,Unincorporated SA
49499,No usual address (SA),No usual address (SA),No usual address (SA),No usual address (SA),No usual address (SA),No usual address (SA),No usual address (SA)
50080,Albany (C),Albany (C),Albany (C),Albany (C),Albany (C),Albany (C),Albany (C)
50210,Armadale (C),Armadale (C),Armadale (C),Armadale (C),Armadale (C),Armadale (C),Armadale (C)
50250,Ashburton (S),Ashburton (S),Ashburton (S),Ashburton (S),Ashburton (S),Ashburton (S),Ashburton (S)
50280,Augusta-Margaret River (S),Augusta-Margaret River (S),Augusta-Margaret River (S),Augusta-Margaret River (S),Augusta-Margaret River (S),Augusta-Margaret River (S),Augusta-Margaret River (S)
50350,Bassendean (T),Bassendean (T),Bassendean (T),Bassendean (T),Bassendean (T),Bassendean (T),Bassendean (T)
50420,Bayswater (C),Bayswater (C),Bayswater (C),Bayswater (C),Bayswater (C),Bayswater (C),Bayswater (C)
50490,Belmont (C),Belmont (C),Belmont (C),Belmont (C),Belmont (C),Belmont (C),Belmont (C)
50560,Beverley (S),Beverley (S),Beverley (S),Beverley (S),Beverley (S),Beverley (S),Beverley (S)
50630,Boddington (S),Boddington (S),Boddington (S),Boddington (S),Boddington (S),Boddington (S),Boddington (S)
50770,Boyup Brook (S),Boyup Brook (S),Boyup Brook (S),Boyup Brook (S),Boyup Brook (S),Boyup Brook (S),Boyup Brook (S)
50840,Bridgetown-Greenbushes (S),Bridgetown-Greenbushes (S),Bridgetown-Greenbushes (S),Bridgetown-Greenbushes (S),Bridgetown-Greenbushes (S),Bridgetown-Greenbushes (S),Bridgetown-Greenbushes (S)
50910,Brookton (S),Brookton (S),Brookton (S),Brookton (S),Brookton (S),Brookton (S),Brookton (S)
50980,Broome (S),Broome (S),Broome (S),Broome (S),Broome (S),Broome (S),Broome (S)
51080,Broomehill-Tambellup (S),Broomehill-Tambellup (S),Broomehill-Tambellup (S),Broomehill-Tambellup (S),Broomehill-Tambellup (S),Broomehill-Tambellup (S),Broomehill-Tambellup (S)
51120,Bruce Rock (S),Bruce Rock (S),Bruce Rock (S),Bruce Rock (S),Bruce Rock (S),Bruce Rock (S),Bruce Rock (S)
51190,Bunbury (C),Bunbury (C),Bunbury (C),Bunbury (C),Bunbury (C),Bunbury (C),Bunbury (C)
51260,Busselton (S),Busselton (S),Busselton (C),Busselton (C),Busselton (C),Busselton (C),Busselton (C)
51260,Busselton (C),Busselton (S),Busselton (C),Busselton (C),Busselton (C),Busselton (C),Busselton (C)
51310,Cambridge (T),Cambridge (T),Cambridge (T),Cambridge (T),Cambridge (T),Cambridge (T),Cambridge (T)
51330,Canning (C),Canning (C),Canning (C),Canning (C),Canning (C),Canning (C),Canning (C)
51400,Capel (S),Capel (S),Capel (S),Capel (S),Capel (S),Capel (S),Capel (S)
51470,Carnamah (S),Carnamah (S),Carnamah (S),Carnamah (S),Carnamah (S),Carnamah (S),Carnamah (S)
51540,Carnarvon (S),Carnarvon (S),Carnarvon (S),Carnarvon (S),Carnarvon (S),Carnarvon (S),Carnarvon (S)
51610,Chapman Valley (S),Chapman Valley (S),Chapman Valley (S),Chapman Valley (S),Chapman Valley (S),Chapman Valley (S),Chapman Valley (S)
51680,Chittering (S),Chittering (S),Chittering (S),Chittering (S),Chittering (S),Chittering (S),Chittering (S)
51750,Claremont (T),Claremont (T),Claremont (T),Claremont (T),Claremont (T),Claremont (T),Claremont (T)
51820,Cockburn (C),Cockburn (C),Cockburn (C),Cockburn (C),Cockburn (C),Cockburn (C),Cockburn (C)
51890,Collie (S),Collie (S),Collie (S),Collie (S),Collie (S),Collie (S),Collie (S)
51960,Coolgardie (S),Coolgardie (S),Coolgardie (S),Coolgardie (S),Coolgardie (S),Coolgardie (S),Coolgardie (S)
52030,Coorow (S),Coorow (S),Coorow (S),Coorow (S),Coorow (S),Coorow (S),Coorow (S)
52100,Corrigin (S),Corrigin (S),Corrigin (S),Corrigin (S),Corrigin (S),Corrigin (S),Corrigin (S)
52170,Cottesloe (T),Cottesloe (T),Cottesloe (T),Cottesloe (T),Cottesloe (T),Cottesloe (T),Cottesloe (T)
52240,Cranbrook (S),Cranbrook (S),Cranbrook (S),Cranbrook (S),Cranbrook (S),Cranbrook (S),Cranbrook (S)
52310,Cuballing (S),Cuballing (S),Cuballing (S),Cuballing (S),Cuballing (S),Cuballing (S),Cuballing (S)
52380,Cue (S),Cue (S),Cue (S),Cue (S),Cue (S),Cue (S),Cue (S)
52450,Cunderdin (S),Cunderdin (S),Cunderdin (S),Cunderdin (S),Cunderdin (S),Cunderdin (S),Cunderdin (S)
52520,Dalwallinu (S),Dalwallinu (S),Dalwallinu (S),Dalwallinu (S),Dalwallinu (S),Dalwallinu (S),Dalwallinu (S)
52590,Dandaragan (S),Dandaragan (S),Dandaragan (S),Dandaragan (S),Dandaragan (S),Dandaragan (S),Dandaragan (S)
52660,Dardanup (S),Dardanup (S),Dardanup (S),Dardanup (S),Dardanup (S),Dardanup (S),Dardanup (S)
52730,Denmark (S),Denmark (S),Denmark (S),Denmark (S),Denmark (S),Denmark (S),Denmark (S)
52800,Derby-West Kimberley (S),Derby-West Kimberley (S),Derby-West Kimberley (S),Derby-West Kimberley (S),Derby-West Kimberley (S),Derby-West Kimberley (S),Derby-West Kimberley (S)
52870,Donnybrook-Balingup (S),Donnybrook-Balingup (S),Donnybrook-Balingup (S),Donnybrook-Balingup (S),Donnybrook-Balingup (S),Donnybrook-Balingup (S),Donnybrook-Balingup (S)
52940,Dowerin (S),Dowerin (S),Dowerin (S),Dowerin (S),Dowerin (S),Dowerin (S),Dowerin (S)
53010,Dumbleyung (S),Dumbleyung (S),Dumbleyung (S),Dumbleyung (S),Dumbleyung (S),Dumbleyung (S),Dumbleyung (S)
53080,Dundas (S),Dundas (S),Dundas (S),Dundas (S),Dundas (S),Dundas (S),Dundas (S)
53150,East Fremantle (T),East Fremantle (T),East Fremantle (T),East Fremantle (T),East Fremantle (T),East Fremantle (T),East Fremantle (T)
53220,East Pilbara (S),East Pilbara (S),East Pilbara (S),East Pilbara (S),East Pilbara (S),East Pilbara (S),East Pilbara (S)
53290,Esperance (S),Esperance (S),Esperance (S),Esperance (S),Esperance (S),Esperance (S),Esperance (S)
53360,Exmouth (S),Exmouth (S),Exmouth (S),Exmouth (S),Exmouth (S),Exmouth (S),Exmouth (S)
53430,Fremantle (C),Fremantle (C),Fremantle (C),Fremantle (C),Fremantle (C),Fremantle (C),Fremantle (C)
53520,Geraldton-Greenough (C),Geraldton-Greenough (C),#N/A,#N/A,#N/A,#N/A,#N/A
53570,Gingin (S),Gingin (S),Gingin (S),Gingin (S),Gingin (S),Gingin (S),Gingin (S)
53640,Gnowangerup (S),Gnowangerup (S),Gnowangerup (S),Gnowangerup (S),Gnowangerup (S),Gnowangerup (S),Gnowangerup (S)
53710,Goomalling (S),Goomalling (S),Goomalling (S),Goomalling (S),Goomalling (S),Goomalling (S),Goomalling (S)
53780,Gosnells (C),Gosnells (C),Gosnells (C),Gosnells (C),Gosnells (C),Gosnells (C),Gosnells (C)
53800,Greater Geraldton (C),#N/A,Greater Geraldton (C),Greater Geraldton (C),Greater Geraldton (C),Greater Geraldton (C),Greater Geraldton (C)
53920,Halls Creek (S),Halls Creek (S),Halls Creek (S),Halls Creek (S),Halls Creek (S),Halls Creek (S),Halls Creek (S)
53990,Harvey (S),Harvey (S),Harvey (S),Harvey (S),Harvey (S),Harvey (S),Harvey (S)
54060,Irwin (S),Irwin (S),Irwin (S),Irwin (S),Irwin (S),Irwin (S),Irwin (S)
54130,Jerramungup (S),Jerramungup (S),Jerramungup (S),Jerramungup (S),Jerramungup (S),Jerramungup (S),Jerramungup (S)
54170,Joondalup (C),Joondalup (C),Joondalup (C),Joondalup (C),Joondalup (C),Joondalup (C),Joondalup (C)
54200,Kalamunda (S),Kalamunda (S),Kalamunda (S),Kalamunda (S),Kalamunda (S),Kalamunda (S),Kalamunda (S)
54280,Kalgoorlie/Boulder (C),Kalgoorlie/Boulder (C),Kalgoorlie/Boulder (C),Kalgoorlie/Boulder (C),Kalgoorlie/Boulder (C),Kalgoorlie/Boulder (C),Kalgoorlie/Boulder (C)
54310,Karratha (C),#N/A,#N/A,#N/A,Karratha (C),Karratha (C),Karratha (C)
54340,Katanning (S),Katanning (S),Katanning (S),Katanning (S),Katanning (S),Katanning (S),Katanning (S)
54410,Kellerberrin (S),Kellerberrin (S),Kellerberrin (S),Kellerberrin (S),Kellerberrin (S),Kellerberrin (S),Kellerberrin (S)
54480,Kent (S),Kent (S),Kent (S),Kent (S),Kent (S),Kent (S),Kent (S)
54550,Kojonup (S),Kojonup (S),Kojonup (S),Kojonup (S),Kojonup (S),Kojonup (S),Kojonup (S)
54620,Kondinin (S),Kondinin (S),Kondinin (S),Kondinin (S),Kondinin (S),Kondinin (S),Kondinin (S)
54690,Koorda (S),Koorda (S),Koorda (S),Koorda (S),Koorda (S),Koorda (S),Koorda (S)
54760,Kulin (S),Kulin (S),Kulin (S),Kulin (S),Kulin (S),Kulin (S),Kulin (S)
54830,Kwinana (T),Kwinana (T),Kwinana (T),Kwinana (C),Kwinana (C),Kwinana (C),Kwinana (C)
54830,Kwinana (C),Kwinana (T),Kwinana (T),Kwinana (C),Kwinana (C),Kwinana (C),Kwinana (C)
54900,Lake Grace (S),Lake Grace (S),Lake Grace (S),Lake Grace (S),Lake Grace (S),Lake Grace (S),Lake Grace (S)
54970,Laverton (S),Laverton (S),Laverton (S),Laverton (S),Laverton (S),Laverton (S),Laverton (S)
55040,Leonora (S),Leonora (S),Leonora (S),Leonora (S),Leonora (S),Leonora (S),Leonora (S)
55110,Mandurah (C),Mandurah (C),Mandurah (C),Mandurah (C),Mandurah (C),Mandurah (C),Mandurah (C)
55180,Manjimup (S),Manjimup (S),Manjimup (S),Manjimup (S),Manjimup (S),Manjimup (S),Manjimup (S)
55250,Meekatharra (S),Meekatharra (S),Meekatharra (S),Meekatharra (S),Meekatharra (S),Meekatharra (S),Meekatharra (S)
55320,Melville (C),Melville (C),Melville (C),Melville (C),Melville (C),Melville (C),Melville (C)
55390,Menzies (S),Menzies (S),Menzies (S),Menzies (S),Menzies (S),Menzies (S),Menzies (S)
55460,Merredin (S),Merredin (S),Merredin (S),Merredin (S),Merredin (S),Merredin (S),Merredin (S)
55530,Mingenew (S),Mingenew (S),Mingenew (S),Mingenew (S),Mingenew (S),Mingenew (S),Mingenew (S)
55600,Moora (S),Moora (S),Moora (S),Moora (S),Moora (S),Moora (S),Moora (S)
55670,Morawa (S),Morawa (S),Morawa (S),Morawa (S),Morawa (S),Morawa (S),Morawa (S)
55740,Mosman Park (T),Mosman Park (T),Mosman Park (T),Mosman Park (T),Mosman Park (T),Mosman Park (T),Mosman Park (T)
55810,Mount Magnet (S),Mount Magnet (S),Mount Magnet (S),Mount Magnet (S),Mount Magnet (S),Mount Magnet (S),Mount Magnet (S)
55880,Mount Marshall (S),Mount Marshall (S),Mount Marshall (S),Mount Marshall (S),Mount Marshall (S),Mount Marshall (S),Mount Marshall (S)
55950,Mukinbudin (S),Mukinbudin (S),Mukinbudin (S),Mukinbudin (S),Mukinbudin (S),Mukinbudin (S),Mukinbudin (S)
56020,Mullewa (S),Mullewa (S),#N/A,#N/A,#N/A,#N/A,#N/A
56090,Mundaring (S),Mundaring (S),Mundaring (S),Mundaring (S),Mundaring (S),Mundaring (S),Mundaring (S)
56160,Murchison (S),Murchison (S),Murchison (S),Murchison (S),Murchison (S),Murchison (S),Murchison (S)
56230,Murray (S),Murray (S),Murray (S),Murray (S),Murray (S),Murray (S),Murray (S)
56300,Nannup (S),Nannup (S),Nannup (S),Nannup (S),Nannup (S),Nannup (S),Nannup (S)
56370,Narembeen (S),Narembeen (S),Narembeen (S),Narembeen (S),Narembeen (S),Narembeen (S),Narembeen (S)
56450,Narrogin (S),Narrogin (S),Narrogin (S),Narrogin (S),Narrogin (S),Narrogin (S),#N/A
56460,#N/A,#N/A,#N/A,#N/A,#N/A,#N/A,Narrogin (S)
56520,Narrogin (T),Narrogin (T),Narrogin (T),Narrogin (T),Narrogin (T),Narrogin (T),#N/A
56580,Nedlands (C),Nedlands (C),Nedlands (C),Nedlands (C),Nedlands (C),Nedlands (C),Nedlands (C)
56620,Ngaanyatjarraku (S),Ngaanyatjarraku (S),Ngaanyatjarraku (S),Ngaanyatjarraku (S),Ngaanyatjarraku (S),Ngaanyatjarraku (S),Ngaanyatjarraku (S)
56730,Northam (S),Northam (S),Northam (S),Northam (S),Northam (S),Northam (S),Northam (S)
56790,Northampton (S),Northampton (S),Northampton (S),Northampton (S),Northampton (S),Northampton (S),Northampton (S)
56860,Nungarin (S),Nungarin (S),Nungarin (S),Nungarin (S),Nungarin (S),Nungarin (S),Nungarin (S)
56930,Peppermint Grove (S),Peppermint Grove (S),Peppermint Grove (S),Peppermint Grove (S),Peppermint Grove (S),Peppermint Grove (S),Peppermint Grove (S)
57000,Perenjori (S),Perenjori (S),Perenjori (S),Perenjori (S),Perenjori (S),Perenjori (S),Perenjori (S)
57080,Perth (C),Perth (C),Perth (C),Perth (C),Perth (C),Perth (C),Perth (C)
57140,Pingelly (S),Pingelly (S),Pingelly (S),Pingelly (S),Pingelly (S),Pingelly (S),Pingelly (S)
57210,Plantagenet (S),Plantagenet (S),Plantagenet (S),Plantagenet (S),Plantagenet (S),Plantagenet (S),Plantagenet (S)
57280,Port Hedland (T),Port Hedland (T),Port Hedland (T),Port Hedland (T),Port Hedland (T),Port Hedland (T),Port Hedland (T)
57350,Quairading (S),Quairading (S),Quairading (S),Quairading (S),Quairading (S),Quairading (S),Quairading (S)
57420,Ravensthorpe (S),Ravensthorpe (S),Ravensthorpe (S),Ravensthorpe (S),Ravensthorpe (S),Ravensthorpe (S),Ravensthorpe (S)
57490,Rockingham (C),Rockingham (C),Rockingham (C),Rockingham (C),Rockingham (C),Rockingham (C),Rockingham (C)
57560,Roebourne (S),Roebourne (S),Roebourne (S),Roebourne (S),#N/A,#N/A,#N/A
57630,Sandstone (S),Sandstone (S),Sandstone (S),Sandstone (S),Sandstone (S),Sandstone (S),Sandstone (S)
57700,Serpentine-Jarrahdale (S),Serpentine-Jarrahdale (S),Serpentine-Jarrahdale (S),Serpentine-Jarrahdale (S),Serpentine-Jarrahdale (S),Serpentine-Jarrahdale (S),Serpentine-Jarrahdale (S)
57770,Shark Bay (S),Shark Bay (S),Shark Bay (S),Shark Bay (S),Shark Bay (S),Shark Bay (S),Shark Bay (S)
57840,South Perth (C),South Perth (C),South Perth (C),South Perth (C),South Perth (C),South Perth (C),South Perth (C)
57910,Stirling (C),Stirling (C),Stirling (C),Stirling (C),Stirling (C),Stirling (C),Stirling (C)
57980,Subiaco (C),Subiaco (C),Subiaco (C),Subiaco (C),Subiaco (C),Subiaco (C),Subiaco (C)
58050,Swan (C),Swan (C),Swan (C),Swan (C),Swan (C),Swan (C),Swan (C)
58190,Tammin (S),Tammin (S),Tammin (S),Tammin (S),Tammin (S),Tammin (S),Tammin (S)
58260,Three Springs (S),Three Springs (S),Three Springs (S),Three Springs (S),Three Springs (S),Three Springs (S),Three Springs (S)
58330,Toodyay (S),Toodyay (S),Toodyay (S),Toodyay (S),Toodyay (S),Toodyay (S),Toodyay (S)
58400,Trayning (S),Trayning (S),Trayning (S),Trayning (S),Trayning (S),Trayning (S),Trayning (S)
58470,Upper Gascoyne (S),Upper Gascoyne (S),Upper Gascoyne (S),Upper Gascoyne (S),Upper Gascoyne (S),Upper Gascoyne (S),Upper Gascoyne (S)
58510,Victoria Park (T),Victoria Park (T),Victoria Park (T),Victoria Park (T),Victoria Park (T),Victoria Park (T),Victoria Park (T)
58540,Victoria Plains (S),Victoria Plains (S),Victoria Plains (S),Victoria Plains (S),Victoria Plains (S),Victoria Plains (S),Victoria Plains (S)
58570,Vincent (T),Vincent (T),Vincent (C),Vincent (C),Vincent (C),Vincent (C),Vincent (C)
58570,Vincent (C),Vincent (T),Vincent (C),Vincent (C),Vincent (C),Vincent (C),Vincent (C)
58610,Wagin (S),Wagin (S),Wagin (S),Wagin (S),Wagin (S),Wagin (S),Wagin (S)
58680,Wandering (S),Wandering (S),Wandering (S),Wandering (S),Wandering (S),Wandering (S),Wandering (S)
58760,Wanneroo (C),Wanneroo (C),Wanneroo (C),Wanneroo (C),Wanneroo (C),Wanneroo (C),Wanneroo (C)
58820,Waroona (S),Waroona (S),Waroona (S),Waroona (S),Waroona (S),Waroona (S),Waroona (S)
58890,West Arthur (S),West Arthur (S),West Arthur (S),West Arthur (S),West Arthur (S),West Arthur (S),West Arthur (S)
59030,Westonia (S),Westonia (S),Westonia (S),Westonia (S),Westonia (S),Westonia (S),Westonia (S)
59100,Wickepin (S),Wickepin (S),Wickepin (S),Wickepin (S),Wickepin (S),Wickepin (S),Wickepin (S)
59170,Williams (S),Williams (S),Williams (S),Williams (S),Williams (S),Williams (S),Williams (S)
59250,Wiluna (S),Wiluna (S),Wiluna (S),Wiluna (S),Wiluna (S),Wiluna (S),Wiluna (S)
59310,Wongan-Ballidu (S),Wongan-Ballidu (S),Wongan-Ballidu (S),Wongan-Ballidu (S),Wongan-Ballidu (S),Wongan-Ballidu (S),Wongan-Ballidu (S)
59320,Woodanilling (S),Woodanilling (S),Woodanilling (S),Woodanilling (S),Woodanilling (S),Woodanilling (S),Woodanilling (S)
59330,Wyalkatchem (S),Wyalkatchem (S),Wyalkatchem (S),Wyalkatchem (S),Wyalkatchem (S),Wyalkatchem (S),Wyalkatchem (S)
59340,Wyndham-East Kimberley (S),Wyndham-East Kimberley (S),Wyndham-East Kimberley (S),Wyndham-East Kimberley (S),Wyndham-East Kimberley (S),Wyndham-East Kimberley (S),Wyndham-East Kimberley (S)
59350,Yalgoo (S),Yalgoo (S),Yalgoo (S),Yalgoo (S),Yalgoo (S),Yalgoo (S),Yalgoo (S)
59360,Yilgarn (S),Yilgarn (S),Yilgarn (S),Yilgarn (S),Yilgarn (S),Yilgarn (S),Yilgarn (S)
59370,York (S),York (S),York (S),York (S),York (S),York (S),York (S)
59399,Unincorporated WA,Unincorporated WA,Unincorporated WA,Unincorporated WA,Unincorporated WA,Unincorporated WA,#N/A
59499,No usual address (WA),No usual address (WA),No usual address (WA),No usual address (WA),No usual address (WA),No usual address (WA),No usual address (WA)
60210,Break O'Day (M),Break O'Day (M),Break O'Day (M),Break O'Day (M),Break O'Day (M),Break O'Day (M),Break O'Day (M)
60410,Brighton (M),Brighton (M),Brighton (M),Brighton (M),Brighton (M),Brighton (M),Brighton (M)
60610,Burnie (C),Burnie (C),Burnie (C),Burnie (C),Burnie (C),Burnie (C),Burnie (C)
60810,Central Coast (M),Central Coast (M),Central Coast (M),Central Coast (M),Central Coast (M),Central Coast (M),Central Coast (M) (Tas.)
61010,Central Highlands (M),Central Highlands (M),Central Highlands (M),Central Highlands (M),Central Highlands (M),Central Highlands (M),Central Highlands (M) (Tas.)
61210,Circular Head (M),Circular Head (M),Circular Head (M),Circular Head (M),Circular Head (M),Circular Head (M),Circular Head (M)
61410,Clarence (C),Clarence (C),Clarence (C),Clarence (C),Clarence (C),Clarence (C),Clarence (C)
61510,Derwent Valley (M),Derwent Valley (M),Derwent Valley (M),Derwent Valley (M),Derwent Valley (M),Derwent Valley (M),Derwent Valley (M)
61610,Devonport (C),Devonport (C),Devonport (C),Devonport (C),Devonport (C),Devonport (C),Devonport (C)
61810,Dorset (M),Dorset (M),Dorset (M),Dorset (M),Dorset (M),Dorset (M),Dorset (M)
62010,Flinders (M),Flinders (M),Flinders (M),Flinders (M),Flinders (M),Flinders (M),Flinders (M) (Tas.)
62210,George Town (M),George Town (M),George Town (M),George Town (M),George Town (M),George Town (M),George Town (M)
62410,Glamorgan/Spring Bay (M),Glamorgan/Spring Bay (M),Glamorgan/Spring Bay (M),Glamorgan/Spring Bay (M),Glamorgan/Spring Bay (M),Glamorgan/Spring Bay (M),Glamorgan/Spring Bay (M)
62610,Glenorchy (C),Glenorchy (C),Glenorchy (C),Glenorchy (C),Glenorchy (C),Glenorchy (C),Glenorchy (C)
62810,Hobart (C),Hobart (C),Hobart (C),Hobart (C),Hobart (C),Hobart (C),Hobart (C)
63010,Huon Valley (M),Huon Valley (M),Huon Valley (M),Huon Valley (M),Huon Valley (M),Huon Valley (M),Huon Valley (M)
63210,Kentish (M),Kentish (M),Kentish (M),Kentish (M),Kentish (M),Kentish (M),Kentish (M)
63410,King Island (M),King Island (M),King Island (M),King Island (M),King Island (M),King Island (M),King Island (M)
63610,Kingborough (M),Kingborough (M),Kingborough (M),Kingborough (M),Kingborough (M),Kingborough (M),Kingborough (M)
63810,Latrobe (M),Latrobe (M),Latrobe (M),Latrobe (M),Latrobe (M),Latrobe (M),Latrobe (M) (Tas.)
64010,Launceston (C),Launceston (C),Launceston (C),Launceston (C),Launceston (C),Launceston (C),Launceston (C)
64210,Meander Valley (M),Meander Valley (M),Meander Valley (M),Meander Valley (M),Meander Valley (M),Meander Valley (M),Meander Valley (M)
64610,Northern Midlands (M),Northern Midlands (M),Northern Midlands (M),Northern Midlands (M),Northern Midlands (M),Northern Midlands (M),Northern Midlands (M)
64810,Sorell (M),Sorell (M),Sorell (M),Sorell (M),Sorell (M),Sorell (M),Sorell (M)
65010,Southern Midlands (M),Southern Midlands (M),Southern Midlands (M),Southern Midlands (M),Southern Midlands (M),Southern Midlands (M),Southern Midlands (M)
65210,Tasman (M),Tasman (M),Tasman (M),Tasman (M),Tasman (M),Tasman (M),Tasman (M)
65410,Waratah/Wynyard (M),Waratah/Wynyard (M),Waratah/Wynyard (M),Waratah/Wynyard (M),Waratah/Wynyard (M),Waratah/Wynyard (M),Waratah/Wynyard (M)
65610,West Coast (M),West Coast (M),West Coast (M),West Coast (M),West Coast (M),West Coast (M),West Coast (M)
65810,West Tamar (M),West Tamar (M),West Tamar (M),West Tamar (M),West Tamar (M),West Tamar (M),West Tamar (M)
69399,Unincorporated Tas,Unincorporated Tas,Unincorporated Tas,Unincorporated Tas,Unincorporated Tas,Unincorporated Tas,#N/A
69499,No usual address (Tas.),No usual address (Tas.),No usual address (Tas.),No usual address (Tas.),No usual address (Tas.),No usual address (Tas.),No usual address (Tas.)
70200,Alice Springs (T),Alice Springs (T),Alice Springs (T),Alice Springs (T),Alice Springs (T),Alice Springs (T),Alice Springs (T)
70420,Barkly (S),Barkly (S),Barkly (S),Barkly (S),Barkly (R),Barkly (R),Barkly (R)
70420,Barkly (R),Barkly (S),Barkly (S),Barkly (S),Barkly (R),Barkly (R),Barkly (R)
70540,Belyuen (S),Belyuen (S),Belyuen (S),Belyuen (S),Belyuen (S),Belyuen (S),Belyuen (S)
70620,Central Desert (S),Central Desert (S),Central Desert (S),Central Desert (S),Central Desert (R),Central Desert (R),Central Desert (R)
70620,Central Desert (R),Central Desert (S),Central Desert (S),Central Desert (S),Central Desert (R),Central Desert (R),Central Desert (R)
70700,Coomalie (S),Coomalie (S),Coomalie (S),Coomalie (S),Coomalie (S),Coomalie (S),Coomalie (S)
71000,Darwin (C),Darwin (C),Darwin (C),Darwin (C),Darwin (C),Darwin (C),Darwin (C)
71300,East Arnhem (S),East Arnhem (S),East Arnhem (S),East Arnhem (S),East Arnhem (R),East Arnhem (R),East Arnhem (R)
71300,East Arnhem (R),East Arnhem (S),East Arnhem (S),East Arnhem (S),East Arnhem (R),East Arnhem (R),East Arnhem (R)
72200,Katherine (T),Katherine (T),Katherine (T),Katherine (T),Katherine (T),Katherine (T),Katherine (T)
72300,Litchfield (M),Litchfield (M),Litchfield (M),Litchfield (M),Litchfield (M),Litchfield (M),Litchfield (M)
72330,MacDonnell (S),MacDonnell (S),MacDonnell (S),MacDonnell (S),MacDonnell (R),MacDonnell (R),MacDonnell (R)
72330,MacDonnell (R),MacDonnell (S),MacDonnell (S),MacDonnell (S),MacDonnell (R),MacDonnell (R),MacDonnell (R)
72800,Palmerston (C),Palmerston (C),Palmerston (C),Palmerston (C),Palmerston (C),Palmerston (C),Palmerston (C)
73600,Roper Gulf (S),Roper Gulf (S),Roper Gulf (S),Roper Gulf (S),Roper Gulf (R),Roper Gulf (R),Roper Gulf (R)
73600,Roper Gulf (R),Roper Gulf (S),Roper Gulf (S),Roper Gulf (S),Roper Gulf (R),Roper Gulf (R),Roper Gulf (R)
74050,Tiwi Islands (S),Tiwi Islands (S),Tiwi Islands (S),Tiwi Islands (S),Tiwi Islands (R),Tiwi Islands (R),Tiwi Islands (R)
74050,Tiwi Islands (R),Tiwi Islands (S),Tiwi Islands (S),Tiwi Islands (S),Tiwi Islands (R),Tiwi Islands (R),Tiwi Islands (R)
74500,Victoria-Daly (S),Victoria-Daly (S),Victoria-Daly (S),Victoria-Daly (S),#N/A,#N/A,#N/A
74550,Victoria Daly (R),#N/A,#N/A,#N/A,Victoria Daly (R),Victoria Daly (R),Victoria Daly (R)
74560,Wagait (S),Wagait (S),Wagait (S),Wagait (S),Wagait (S),Wagait (S),Wagait (S)
74660,West Arnhem (S),West Arnhem (S),West Arnhem (S),West Arnhem (S),West Arnhem (R),West Arnhem (R),West Arnhem (R)
74660,West Arnhem (R),West Arnhem (S),West Arnhem (S),West Arnhem (S),West Arnhem (R),West Arnhem (R),West Arnhem (R)
74680,West Daly (R),#N/A,#N/A,#N/A,West Daly (R),West Daly (R),West Daly (R)
79399,Unincorporated NT,Unincorporated NT,Unincorporated NT,Unincorporated NT,Unincorporated NT,Unincorporated NT,Unincorporated NT
79499,No usual address (NT),No usual address (NT),No usual address (NT),No usual address (NT),No usual address (NT),No usual address (NT),No usual address (NT)
89399,Unincorporated ACT,Unincorporated ACT,Unincorporated ACT,Unincorporated ACT,Unincorporated ACT,Unincorporated ACT,Unincorporated ACT
89499,No usual address (ACT),No usual address (ACT),No usual address (ACT),No usual address (ACT),No usual address (ACT),No usual address (ACT),No usual address (ACT)
99399,Unincorp. Other Territories,Unincorp. Other Territories,Unincorp. Other Territories,Unincorp. Other Territories,Unincorp. Other Territories,Unincorp. Other Territories,Unincorp. Other Territories
99499,No usual address (OT),No usual address (OT),No usual address (OT),No usual address (OT),No usual address (OT),No usual address (OT),No usual address (OT)
